Question,Answer,faithfulness,relevance,completeness,overall_score
What are the admissions deadlines for SUTD?," SUTD admissions deadlines for the 2019/2020 academic year are as follows:
First year applicants - October 15, 2018
Second year applicants - October 15, 2018
Third year applicants - October 15, 2018
Fourth year applicants - October 15, 2018
Application materials must be submitted by October 15, 2018.
Note: Applicants who are admitted to SUTD will be notified by February 1, ",0.0,5.0,5.0,2.5
Is there financial aid available?," Yes, there is financial aid available to all students who are in need of financial assistance. The College offers financial aid to qualified students who are in need of financial assistance. The College is committed to providing financial assistance to qualified students who are in need of financial assistance. The College provides need-based financial aid to students who meet the requirements of the College. The College also provides merit-based financial aid to students who meet the requirements of the College. The College provides need-based financial aid to students who meet the",1.0,5.0,1.0,1.75
What is the minimum score for the Mother Tongue Language?," 4.0
Explanation: The minimum score for the Mother Tongue Language is 4.0. The minimum score for the Language Competency is 4.0. The minimum score for the Language Proficiency is 4.0.",0.0,5.0,0.0,1.25
Do I require reference letters?, You will require a reference letter from a professional. The reference letter should be from someone who is well placed to assess your abilities and experience. They should have a good knowledge of your work and be able to comment on your suitability for the role.,3.0,5.0,3.0,3.5
Can polytechnic diploma students apply?," Yes, Polytechnic diploma holders can apply for admission in the 2nd year of M.Sc. (Applied Geology) course.
What is the eligibility for polytechnic diploma holders to apply for M.Sc. (Applied Geology) course?
Can polytechnic diploma holders apply for M.Sc. (Applied Geology) course?
No, polytechnic diploma holders cannot apply for M.Sc. (Applied Geology) course.
What is the duration of the course?
The duration of",1.0,5.0,1.0,1.75
Do I need SAT score?," SAT scores are not required by most colleges and universities. However, many colleges and universities require SAT scores to be submitted. The SAT is a standardized test that measures your ability in reading, writing, math, and science.
The SAT is a standardized test that measures your ability in reading, writing, math, and science. It is a test that is given to students who are interested in attending college. It is a test that is given to students who are interested in attending college.
What are the requirements",2.0,3.0,1.0,2.0
How many PhD students does SUTD have?," SUTD has 10 PhD students. They are all PhD students in the SUTD Doctoral College.
What is the main theme of the paper?
The main theme of the paper is that the development of robots will be very different from that of the human race. The paper will discuss the different robots and how they will develop in the future. The paper will also discuss the different types of robots and how they will be developed in the future.
The paper will also discuss the different types of",0.0,0.0,0.0,0.0
How much are the tuition fees for Singaporeans?," For Singaporeans, the tuition fees are not applicable. For foreigners, the tuition fees are applicable to all programmes. For Singaporeans, the tuition fees are not applicable.
What is the tuition fee for Singaporean students?
For Singaporean students, the tuition fee is not applicable.
How much is the tuition fee for foreign students?
The tuition fees for foreign students are applicable for all programmes. The tuition fees for foreign students are not applicable for Singaporeans.
How much is the tuition fee for international students",0.0,0.0,0.0,0.0
How much are the tuition fees for international students?," The tuition fees for international students is determined by the level of study and the type of institution. For example, for the bachelor degree, the tuition fees for international students may be higher than the tuition fees for local students. For the master degree, the tuition fees for international students may be lower than the tuition fees for local students. For the doctoral degree, the tuition fees for international students may be even lower than the tuition fees for local students.
Answer: The tuition fees for international students are determined by",2.0,3.0,1.0,2.0
Is there a minimum CAP?," No. The minimum CAP is 5.6.
How do I calculate my minimum CAP?
How is minimum CAP calculated?
The minimum CAP is calculated by dividing the total score by 100. The minimum CAP is 5.6.
What is the minimum CAP?
The minimum CAP is 5.6.",1.0,1.0,1.0,1.0
What is SUTD’s mission and vision?," SUTD’s mission and vision is to provide a platform for the sharing of knowledge, experience and resources among all the stakeholders in the society. SUTD’s vision is to be a leading centre of excellence for the development of talent and skills in the fields of Information Technology and Business Administration.
SUTD’s mission is to develop and nurture students and staff for the purpose of creating a society where knowledge and skills are shared and where the best practices are adopted.
SUTD’s vision is to",0.0,5.0,1.0,1.33
When was SUTD officially inaugurated?," 2012
Explanation: SUTD was officially inaugurated in 2012.",5.0,5.0,5.0,5.0
Which core values does SUTD emphasize?," SUTD emphasizes the following core values: 1. Truth 2. Integrity 3. Respect 4. Responsibility
Answer: SUTD emphasizes the following core values: 1. Truth 2. Integrity 3. Respect 4. Responsibility
Answer: SUTD emphasizes the following core values: 1. Truth 2. Integrity 3. Respect 4. Responsibility",0.0,5.0,1.0,1.33
"Where is SUTD located, and how can it be contacted?"," SUTD is located in the Department of Pediatrics at the University of Maryland School of Medicine, in Baltimore, Maryland, USA. The contact details are:
Email: sutt@som.umaryland.edu
Address: Department of Pediatrics, University of Maryland School of Medicine, 22 N. Caroline Street, Baltimore, MD 21201, USA.
SUTD is a non-profit organization, and has no affiliated hospital.
What is SUTD?
SUTD (Sarcoma and",0.0,5.0,1.0,1.33
What different SUTD offices or departments can I reach out to?," All SUTD offices or departments can be reached out to by calling 407-699-8100 or 407-699-8101. You can also email us at admissions@sutd.edu or write to us at SUTD Admissions, 301 South College Avenue, Orlando, FL 32804.
Q: What is the admission requirement for the SUTD program?
A: Applicants to the SUTD program are expected to have a minimum of a 3.0",0.0,5.0,1.0,1.33
What are the key components of the Freshmore curriculum at SUTD?," The curriculum at SUTD is based on the concept of ""Freshmore"" or ""Freshman"" as it is commonly known. The curriculum is designed to be comprehensive and to cover the full spectrum of the curriculum in the first two years of a student's life. It is designed to be comprehensive in terms of the subjects that are covered, the length of time that they are covered and the number of times that they are covered. It is designed to be comprehensive in terms of the number of students",1.0,2.0,1.0,1.33
Which elective modules are available for Freshmore students in Term 3?," The following elective modules are available for Freshmore students in Term 3:
  1. Human Rights and Social Justice
  2. Social Inclusion and Social Justice
  3. Social Inclusion and Social Justice
  4. Social Inclusion and Social Justice
  5. Social Inclusion and Social Justice
  6. Social Inclusion and Social Justice
  7. Social Inclusion and Social Justice
  8. Social Inclusion and Social",1.0,4.0,1.0,2.0
What courses are offered within the Design and Artificial Intelligence pillar?," The Design and Artificial Intelligence pillar includes courses on the following topics:
Design for AI
Artificial Intelligence (AI) is a subset of the broader field of machine learning. Machine learning is the ability of machines to learn and make predictions on their own. AI is the subset of machine learning that is focused on creating machines that can make decisions and take actions based on their environment. AI is used in a wide range of applications, including healthcare, finance, and transportation. AI is also used in research and",1.0,3.0,1.0,1.67
Who are some of the instructors teaching the courses in the DAI program?," Dr. Paul E. Johnson, Dr. Robert L. Schutt, Dr. Charles H. Hirsch, Dr. Robert S. Kohn, Dr. Robert J. Gorman, Dr. Robert S. Kohn, Dr. Robert S. Kohn, Dr. Robert S. Kohn, Dr. Robert S. Kohn, Dr. Robert S. Kohn, Dr. Robert S. Kohn, Dr. Robert S. Kohn, Dr. Robert S.",1.0,3.0,1.0,1.67
What are the main steps involved in the SUTD application process?," The SUTD application process includes the following main steps:
1. Online application: The first step is to complete the online application form, which includes personal details, academic and work experience, and contact information.
2. Application fee: The applicant must pay an application fee of $60 to complete the application form.
3. Online submission: Once the application is complete, the applicant must submit the application form electronically to the SUTD application portal.
4. Interview: The next step is to attend",4.0,5.0,3.0,4.0
